time,AirTemp,ShortWave,LongWave,RelHum,WindSpeed,Rain,Snow
2021-05-30 00:00,27.5578,0,372,53.423,3.1157,0,0
2021-05-30 01:00,26.475,0,372,66.3529,2.7012,0,0
2021-05-30 02:00,25.3572,0,372,76.1325,2.3929,0,0
2021-05-30 03:00,24.2311,0,372,83.0337,2.1791,0,0
2021-05-30 04:00,23.1237,0,372,87.3289,2.0479,0,0
2021-05-30 05:00,22.0617,0,372,89.2902,1.9875,0,0
2021-05-30 06:00,21.072,0,354,89.1897,1.9862,0,0
2021-05-30 07:00,20.1937,0,354,87.301,2.031,0,0
2021-05-30 08:00,19.5139,0,354,83.9028,2.105,0,0
2021-05-30 09:00,19.1323,0,354,79.2754,2.1897,0,0
2021-05-30 10:00,19.1484,0,354,73.699,2.2672,0,0
2021-05-30 11:00,19.6616,114,354,67.4537,2.3192,0,0
2021-05-30 12:00,20.7714,272.2707,394,60.8198,2.3275,0,0
2021-05-30 13:00,22.5167,401.4278,394,54.0706,2.2792,0,0
2021-05-30 14:00,24.6944,511.6017,394,47.453,2.1829,0,0
2021-05-30 15:00,27.0409,595.2901,394,41.2071,2.0522,0,0
2021-05-30 16:00,29.2924,646.7956,394,35.5729,1.9008,0,0
2021-05-30 17:00,31.1851,662.614,394,30.7905,1.7427,0,0
2021-05-30 18:00,32.4556,825.7061,394,27.1,1.5915,0,0
2021-05-30 19:00,32.9089,753.2999,394,24.721800000000002,1.459,0,0
2021-05-30 20:00,32.6259,640.3746,394,23.7983,1.3498000000000001,0,0
2021-05-30 21:00,31.7564,494.6304,394,24.4519,1.2662,0,0
2021-05-30 22:00,30.4502,326.0029,394,26.8054,1.2107,0,0
2021-05-30 23:00,28.857,145.986,394,30.9814,1.1859,0,0
2021-05-31 00:00,27.1266,0,355,37.1025,1.1943,0,0
2021-05-31 01:00,25.3927,0,355,45.1362,1.2371,0,0
2021-05-31 02:00,23.7247,0,355,54.4291,1.3111,0,0
2021-05-31 03:00,22.176,0,355,64.1728,1.412,0,0
2021-05-31 04:00,20.7997,0,355,73.5586,1.5354,0,0
2021-05-31 05:00,19.6493,0,355,81.7781,1.677,0,0
2021-05-31 06:00,18.778,0,346,88.0228,1.8322,0,0
2021-05-31 07:00,18.2354,0,346,91.6551,1.9971,0,0
2021-05-31 08:00,18.0557,0,346,92.7226,2.1693,0,0
2021-05-31 09:00,18.2697,0,346,91.4437,2.3464,0,0
2021-05-31 10:00,18.9077,0,346,88.0368,2.5263,0,0
2021-05-31 11:00,20.0003,156,346,82.7204,2.7068,0,0
2021-05-31 12:00,21.578,380.416,387.3254,75.7131,2.8858,0,0
2021-05-31 13:00,23.624,560.5224,387.3254,67.3351,3.0628,0,0
2021-05-31 14:00,25.9322,714.191,387.3254,58.3141,3.2436,0,0
2021-05-31 15:00,28.2489,830.9573,387.3254,49.4797,3.4359,0,0
2021-05-31 16:00,30.3206,902.8718,387.3254,41.6614,3.6475,0,0
2021-05-31 17:00,31.8938,925.0416,387.3254,35.6887,3.8858,0,0
2021-05-31 18:00,32.7149,717.5454,406.3254,32.3912,4.1585,0,0
2021-05-31 19:00,32.609,654.8076,406.3254,32.352,4.4643,0,0
2021-05-31 20:00,31.7167,556.8996,406.3254,35.1681,4.7658,0,0
2021-05-31 21:00,30.2569,430.4976,406.3254,40.1903,5.0165,0,0
2021-05-31 22:00,28.4488,284.2181,406.3254,46.7692,5.17,0,0
2021-05-31 23:00,26.5114,128.0317,406.3254,54.2555,5.1801,0,0
2021-06-01 00:00,24.6641,0,364,62,5.0003,0,0
2021-06-01 01:00,23.0836,0,364,69.4417,4.6048,0,0
2021-06-01 02:00,21.7789,0,364,76.3732,4.0504,0,0
2021-06-01 03:00,20.7165,0,364,82.6757,3.4145,0,0
2021-06-01 04:00,19.8631,0,364,88.2301,2.7744,0,0
2021-06-01 05:00,19.1854,0,364,92.9177,2.2076,0,0
2021-06-01 06:00,18.65,0,337,96.6193,1.7914,0,0
2021-06-01 07:00,18.2404,0,337,99.195,1.5823,0,0
2021-06-01 08:00,18.0075,0,337,100.4201,1.5533,0,0
2021-06-01 09:00,18.0187,0,337,100.049,1.6565,0,0
2021-06-01 10:00,18.3416,0,337,97.8357,1.8441,0,0
2021-06-01 11:00,19.044,162,337,93.5346,2.0681,0,0
2021-06-01 12:00,20.1934,412.4384,361,86.9,2.2806,0,0
2021-06-01 13:00,21.8126,607.365,361,77.9004,2.4435,0,0
2021-06-01 14:00,23.7458,773.7162,361,67.3619,2.5574,0,0
2021-06-01 15:00,25.7925,900.1636,361,56.3249,2.6324,0,0
2021-06-01 16:00,27.7521,978.0986,361,45.8298,2.6788,0,0
2021-06-01 17:00,29.424,1002.2182,361,36.917,2.707,0,0
2021-06-01 18:00,30.6076,949.3898,369.7296,30.6269,2.7271,0,0
2021-06-01 19:00,31.1503,866.6232,369.7296,27.7327,2.7456,0,0
2021-06-01 20:00,31.0911,737.3742,369.7296,27.9392,2.7531,0,0
2021-06-01 21:00,30.5167,570.4553,369.7296,30.6837,2.7365,0,0
2021-06-01 22:00,29.5142,377.2451,369.7296,35.4038,2.6827,0,0
2021-06-01 23:00,28.1703,170.9123,369.7296,41.5368,2.5785,0,0
2021-06-02 00:00,26.572,0,350.2704,48.5203,2.4108,0,0
2021-06-02 01:00,24.8086,0,350.2704,55.8247,2.1724,0,0
2021-06-02 02:00,22.9798,0,350.2704,63.0523,1.881,0,0
2021-06-02 03:00,21.1879,0,350.2704,69.8385,1.5602,0,0
2021-06-02 04:00,19.5351,0,350.2704,75.8186,1.2338,0,0
2021-06-02 05:00,18.1236,0,350.2704,80.6278,0.9253,0,0
2021-06-02 06:00,17.0557,0,325,83.9016,0.6585,0,0
2021-06-02 07:00,16.4168,0,325,85.3647,0.4536,0,0
2021-06-02 08:00,16.2248,0,325,85.1,0.3166,0,0
2021-06-02 09:00,16.4804,0,325,83.2801,0.2502,0,0
2021-06-02 10:00,17.1849,0,325,80.0773,0.257,0,0
2021-06-02 11:00,18.3392,162,325,75.6642,0.3396,0,0
2021-06-02 12:00,19.9442,335.3307,400,70.2131,0.5007,0,0
2021-06-02 13:00,21.9665,493.5701,400,63.9588,0.7392,0,0
2021-06-02 14:00,24.2341,628.6441,400,57.3847,1.0401,0,0
2021-06-02 15:00,26.5407,731.3542,400,51.0367,1.3847,0,0
2021-06-02 16:00,28.6799,794.7076,400,45.4604,1.7542,0,0
2021-06-02 17:00,30.4454,814.3932,400,41.2016,2.13,0,0
2021-06-02 18:00,31.6308,714.3145,429,38.8061,2.4935,0.0012,0
2021-06-02 19:00,32.0896,652.2231,429,38.6526,2.826,0.0012,0
2021-06-02 20:00,31.9152,555.1947,429,40.4519,3.1098,0.0012,0
2021-06-02 21:00,31.2608,429.8448,429,43.7475,3.3272,0.0012,0
2021-06-02 22:00,30.2796,284.7178,429,48.0832,3.4607,0.0012,0
2021-06-02 23:00,29.1249,129.7052,429,53.0027,3.4926,0.0012,0
2021-06-03 00:00,27.95,0,419,58.0496,3.4052,0.0016,0
2021-06-03 01:00,26.8787,0,419,62.8366,3.1908,0.0016,0
2021-06-03 02:00,25.9166,0,419,67.2518,2.8808,0.0016,0
2021-06-03 03:00,25.0402,0,419,71.2522,2.5166,0.0016,0
2021-06-03 04:00,24.2258,0,419,74.7949,2.1395,0.0016,0
2021-06-03 05:00,23.4498,0,419,77.837,1.7907,0.0016,0
2021-06-03 06:00,22.6884,0,386,80.3355,1.5116,0,0
2021-06-03 07:00,21.9425,0,386,82.211,1.3339,0,0
2021-06-03 08:00,21.3102,0,386,83.2382,1.2505,0,0
2021-06-03 09:00,20.9141,0,386,83.1556,1.2447,0,0
2021-06-03 10:00,20.8769,0,386,81.7013,1.2997,0,0
2021-06-03 11:00,21.321,156,386,78.6138,1.3989,0,0
2021-06-03 12:00,22.3693,313.2289,411,73.6313,1.5255,0,0
2021-06-03 13:00,24.0776,460.8401,411,66.6798,1.663,0,0
2021-06-03 14:00,26.2361,586.8726,411,58.4353,1.7958,0,0
2021-06-03 15:00,28.5683,682.7433,411,49.7614,1.9084,0,0
2021-06-03 16:00,30.7977,741.9249,411,41.5218,1.9852,0,0
2021-06-03 17:00,32.6477,760.3902,411,34.5801,2.0109,0,0
2021-06-03 18:00,33.842,213.5861,438,29.8,1.97,0,0
2021-06-03 19:00,34.1788,195.0743,438,27.8122,1.8543,0,0
2021-06-03 20:00,33.7555,166.126,438,28.3162,1.6841,0,0
2021-06-03 21:00,32.7443,128.715,438,30.7787,1.4874,0,0
2021-06-03 22:00,31.3172,85.3912,438,34.6661,1.2919,0,0
2021-06-03 23:00,29.6464,39.1074,438,39.4452,1.1252,0,0
2021-06-04 00:00,27.9041,0,364,44.5826,1.0152,0,0
2021-06-04 01:00,26.2362,0,364,49.6282,0.9811,0,0
2021-06-04 02:00,24.6836,0,364,54.4658,1.0076,0,0
2021-06-04 03:00,23.2613,0,364,59.0625,1.0712,0,0
2021-06-04 04:00,21.9839,0,364,63.3853,1.1481,0,0
2021-06-04 05:00,20.8662,0,364,67.4015,1.2147,0,0
2021-06-04 06:00,19.923,0,346,71.078,1.2471,0,0
2021-06-04 07:00,19.1842,0,346,74.3156,1.231,0,0
2021-06-04 08:00,18.7403,0,346,76.7497,1.188,0,0
2021-06-04 09:00,18.6969,0,346,77.9489,1.1491,0,0
2021-06-04 10:00,19.1597,0,346,77.4823,1.1451,0,0
2021-06-04 11:00,20.2343,156,346,74.9188,1.207,0,0
2021-06-04 12:00,22.0264,406.6606,385,69.8271,1.3657,0,0
2021-06-04 13:00,24.5677,598.0822,385,62.0327,1.6372,0,0
2021-06-04 14:00,27.5952,761.5618,385,52.3872,1.9779,0,0
2021-06-04 15:00,30.7719,885.9658,385,41.9986,2.3294,0,0
2021-06-04 16:00,33.761,962.8239,385,31.975,2.6332,0,0
2021-06-04 17:00,36.2256,986.9057,385,23.4244,2.8307,0,0
2021-06-04 18:00,37.8286,851.8459,410.2443,17.455,2.8636,0,0
2021-06-04 19:00,38.3256,778.2296,410.2443,14.8798,2.695,0,0
2021-06-04 20:00,37.8411,663.0266,410.2443,15.3317,2.3743,0,0
2021-06-04 21:00,36.5919,514.0907,410.2443,18.1488,1.9724,0,0
2021-06-04 22:00,34.7949,341.5738,410.2443,22.6689,1.5605,0,0
2021-06-04 23:00,32.667,157.2334,410.2443,28.2299,1.2095,0,0
2021-06-05 00:00,30.4249,0,363,34.17,0.9905,0,0
2021-06-05 01:00,28.2559,0,363,39.9446,0.9533,0,0
2021-06-05 02:00,26.2282,0,363,45.4803,1.0638,0,0
2021-06-05 03:00,24.3805,0,363,50.8211,1.2665,0,0
2021-06-05 04:00,22.7512,0,363,56.0111,1.5061,0,0
2021-06-05 05:00,21.3791,0,363,61.0946,1.7273,0,0
2021-06-05 06:00,20.3027,0,353,66.1154,1.8748,0,0
2021-06-05 07:00,19.5647,0,353,71.0119,1.9069,0,0
2021-06-05 08:00,19.2242,0,353,75.2981,1.8378,0,0
2021-06-05 09:00,19.3444,0,353,78.382,1.6951,0,0
2021-06-05 10:00,19.9884,0,353,79.6718,1.5066,0,0
2021-06-05 11:00,21.2196,180,353,78.5755,1.3003,0,0
2021-06-05 12:00,23.101,344.723,412,74.5012,1.1038,0,0
2021-06-05 13:00,25.6287,506.8354,412,67.1967,0.9431,0,0
2021-06-05 14:00,28.5299,645.3198,412,57.768,0.8363,0,0
2021-06-05 15:00,31.4648,750.7448,412,47.6606,0.7996,0,0
2021-06-05 16:00,34.0933,815.932,412,38.3204,0.8494,0,0
2021-06-05 17:00,36.0755,836.4451,412,31.193,1.0018,0,0
2021-06-05 18:00,37.0714,299.597,437,27.7239,1.2731,0.0048,0
2021-06-05 19:00,36.8482,273.7808,437,28.9164,1.6683,0.0048,0
2021-06-05 20:00,35.6011,233.3503,437,34.0033,2.147,0.0048,0
2021-06-05 21:00,33.6324,181.0617,437,41.7748,2.6575,0.0048,0
2021-06-05 22:00,31.2444,120.4791,437,51.0213,3.1484,0.0048,0
2021-06-05 23:00,28.7395,55.7312,437,60.5329,3.5679,0.0048,0
2021-06-06 00:00,26.4198,0,388,69.1001,3.8644,0.0228,0
2021-06-06 01:00,24.5241,0,388,75.7779,3.9989,0.0228,0
2021-06-06 02:00,23.0363,0,388,80.681,3.9819,0.0228,0
2021-06-06 03:00,21.8769,0,388,84.189,3.8368,0.0228,0
2021-06-06 04:00,20.9662,0,388,86.6814,3.5867,0.0228,0
2021-06-06 05:00,20.2245,0,388,88.5377,3.2549,0.0228,0
2021-06-06 06:00,19.5721,0,355,90.1375,2.8646,0,0
2021-06-06 07:00,18.9636,0,355,91.7146,2.4409,0,0
2021-06-06 08:00,18.4907,0,355,92.9202,2.0172,0,0
2021-06-06 09:00,18.2787,0,355,93.2597,1.6285,0,0
2021-06-06 10:00,18.4534,0,355,92.2385,1.3101,0,0
2021-06-06 11:00,19.1406,156,355,89.362,1.0971,0,0
2021-06-06 12:00,20.4658,356.9857,401,84.1358,1.0248,0,0
2021-06-06 13:00,22.4839,524.7377,401,76.3346,1.1158,0,0
2021-06-06 14:00,24.9662,668.0777,401,66.8107,1.3423,0,0
2021-06-06 15:00,27.6135,777.2434,401,56.6855,1.6639,0,0
2021-06-06 16:00,30.1261,844.8015,401,47.0808,2.0404,0,0
2021-06-06 17:00,32.2048,866.154,401,39.118,2.4314,0,0
2021-06-06 18:00,33.55,396.4662,432,33.9187,2.7966,0.0028,0
2021-06-06 19:00,33.9471,362.401,432,32.2909,3.101,0.0028,0
2021-06-06 20:00,33.5202,309.0107,432,33.7878,3.3305,0.0028,0
2021-06-06 21:00,32.4782,239.9348,432,37.6489,3.4766,0.0028,0
2021-06-06 22:00,31.0299,159.8813,432,43.1138,3.5305,0.0028,0
2021-06-06 23:00,29.3842,74.306,432,49.422,3.4836,0.0028,0
2021-06-07 00:00,27.75,0,390,55.8133,3.3273,0.004,0
2021-06-07 01:00,26.2986,0,390,61.6634,3.0604,0.004,0
2021-06-07 02:00,25.0519,0,390,66.8946,2.7114,0.004,0
2021-06-07 03:00,23.9942,0,390,71.5651,2.3163,0.004,0
2021-06-07 04:00,23.1098,0,390,75.7335,1.9113,0.004,0
2021-06-07 05:00,22.3831,0,390,79.4581,1.5322,0.004,0
2021-06-07 06:00,21.7983,0,374,82.7975,1.2152,0,0
2021-06-07 07:00,21.3534,0,374,85.7352,0.9899,0,0
2021-06-07 08:00,21.0998,0,374,87.955,0.8604,0,0
2021-06-07 09:00,21.1025,0,374,89.0658,0.8244,0,0
2021-06-07 10:00,21.4265,0,374,88.6765,0.8796,0,0
2021-06-07 11:00,22.1367,150,374,86.3961,1.0237,0,0
2021-06-07 12:00,23.2983,317.7609,418,81.8333,1.2546,0,0
2021-06-07 13:00,24.9273,466.9963,418,74.8433,1.5638,0,0
2021-06-07 14:00,26.8446,594.5489,418,66.2658,1.9193,0,0
2021-06-07 15:00,28.822,691.7314,418,57.1867,2.283,0,0
2021-06-07 16:00,30.6316,751.9263,418,48.6919,2.6167,0,0
2021-06-07 17:00,32.0452,771.0363,418,41.8671,2.8823,0,0
2021-06-07 18:00,32.835,312.8367,444,37.7984,3.0417,0.0032,0
2021-06-07 19:00,32.8418,286.034,444,37.2617,3.0686,0.0032,0
2021-06-07 20:00,32.1829,243.9927,444,39.7935,2.9835,0.0032,0
2021-06-07 21:00,31.0446,189.5787,444,44.6204,2.8188,0.0032,0
2021-06-07 22:00,29.6133,126.5007,444,50.9689,2.6068,0.0032,0
2021-06-07 23:00,28.0752,59.0572,444,58.0658,2.3798,0.0032,0
2021-06-08 00:00,26.6167,0,390,65.1376,2.1703,0.0016,0
2021-06-08 01:00,25.3885,0,390,71.5347,2.0026,0.0016,0
2021-06-08 02:00,24.3996,0,390,77.1029,1.87,0.0016,0
2021-06-08 03:00,23.6234,0,390,81.8119,1.7582,0.0016,0
2021-06-08 04:00,23.0335,0,390,85.6313,1.6524,0.0016,0
2021-06-08 05:00,22.6032,0,390,88.5308,1.5382,0.0016,0
2021-06-08 06:00,22.3061,0,379,90.4799,1.401,0,0
2021-06-08 07:00,22.1282,0,379,91.4373,1.2336,0,0
2021-06-08 08:00,22.1067,0,379,91.317,1.058,0,0
2021-06-08 09:00,22.2912,0,379,90.0222,0.9032,0,0
2021-06-08 10:00,22.7316,0,379,87.4558,0.7986,0,0
2021-06-08 11:00,23.4775,150,379,83.5211,0.7733,0,0
2021-06-08 12:00,24.5788,366.0331,416,78.1209,0.8566,0,0
2021-06-08 13:00,26.0483,537.8748,416,71.2888,1.0671,0,0
2021-06-08 14:00,27.752,684.7897,416,63.5794,1.3812,0,0
2021-06-08 15:00,29.5188,796.7719,416,55.6781,1.7648,0,0
2021-06-08 16:00,31.1778,866.1955,416,48.2698,2.1838,0,0
2021-06-08 17:00,32.5579,888.335,416,42.0398,2.604,0,0
2021-06-08 18:00,33.4882,444.9179,451,37.6731,2.9913,0,0
2021-06-08 19:00,33.8427,406.9071,451,35.6775,3.3154,0,0
2021-06-08 20:00,33.675,347.2369,451,35.8507,3.5623,0,0
2021-06-08 21:00,33.0833,269.9748,451,37.8129,3.7215,0,0
2021-06-08 22:00,32.1663,180.3864,451,41.1845,3.7828,0,0
2021-06-08 23:00,31.0224,84.5769,451,45.5856,3.736,0,0
2021-06-09 00:00,29.75,0,390,50.6366,3.5708,4e-4,0
2021-06-09 01:00,28.438,0,390,55.9909,3.2851,4e-4,0
2021-06-09 02:00,27.1366,0,390,61.4345,2.9099,4e-4,0
2021-06-09 03:00,25.8866,0,390,66.7865,2.4844,4e-4,0
2021-06-09 04:00,24.7286,0,390,71.866,2.0478,4e-4,0
2021-06-09 05:00,23.7033,0,390,76.4923,1.6393,4e-4,0
2021-06-09 06:00,22.8514,0,377,80.4845,1.2981,0,0
2021-06-09 07:00,22.2187,0,377,83.6409,1.055,0,0
2021-06-09 08:00,21.8709,0,377,85.6768,0.9068,0,0
2021-06-09 09:00,21.8792,0,377,86.2867,0.8421,0,0
2021-06-09 10:00,22.3145,0,377,85.165,0.8491,0,0
2021-06-09 11:00,23.2478,156,377,82.0061,0.9164,0,0
2021-06-09 12:00,24.75,398.8842,413,76.5046,1.0323,0,0
2021-06-09 13:00,26.8343,586.1135,413,68.5881,1.1873,0,0
2021-06-09 14:00,29.2822,746.229,413,59.117,1.3796,0,0
2021-06-09 15:00,31.8171,868.3254,413,49.1851,1.6092,0,0
2021-06-09 16:00,34.1627,944.0882,413,39.8859,1.8764,0,0
2021-06-09 17:00,36.0426,968.3597,413,32.313,2.1812,0,0
2021-06-09 18:00,37.1804,381.4223,447,27.5602,2.5238,0,0
2021-06-09 19:00,37.3801,348.9278,447,26.4148,2.8981,0,0
2021-06-09 20:00,36.7684,297.8748,447,28.4392,3.2731,0,0
2021-06-09 21:00,35.5524,231.7432,447,32.8895,3.6116,0,0
2021-06-09 22:00,33.9393,155.0399,447,39.0218,3.8763,0,0
2021-06-09 23:00,32.1361,72.992,447,46.0923,4.03,0,0
2021-06-10 00:00,30.35,0,394,53.357,4.0354,8e-4,0
2021-06-10 01:00,28.7508,0,394,60.1864,3.8702,8e-4,0
2021-06-10 02:00,27.3589,0,394,66.4083,3.5709,8e-4,0
2021-06-10 03:00,26.1572,0,394,71.9648,3.1887,8e-4,0
2021-06-10 04:00,25.1289,0,394,76.7979,2.775,8e-4,0
2021-06-10 05:00,24.2569,0,394,80.8498,2.3812,8e-4,0
2021-06-10 06:00,23.5242,0,376,84.0626,2.0585,0,0
2021-06-10 07:00,22.9297,0,376,86.3537,1.8462,0,0
2021-06-10 08:00,22.5348,0,376,87.5425,1.7357,0,0
2021-06-10 09:00,22.417,0,376,87.4236,1.7062,0,0
2021-06-10 10:00,22.6534,0,376,85.7917,1.737,0,0
2021-06-10 11:00,23.3214,126,376,82.4415,1.8073,0,0
2021-06-10 12:00,24.4983,338.8819,416,77.1676,1.8965,0,0
2021-06-10 13:00,26.2083,497.9468,416,69.95,1.9883,0,0
2021-06-10 14:00,28.2635,634.0157,416,61.5094,2.0841,0,0
2021-06-10 15:00,30.4229,737.8207,416,52.7518,2.1899,0,0
2021-06-10 16:00,32.4453,802.2927,416,44.5831,2.3115,0,0
2021-06-10 17:00,34.0897,823.0423,416,37.9093,2.4549,0,0
2021-06-10 18:00,35.1152,342.6447,453,33.6365,2.6259,4e-4,0
2021-06-10 19:00,35.3488,313.5351,453,32.4084,2.8249,4e-4,0
2021-06-10 20:00,34.8905,267.7613,453,33.8206,3.0293,4e-4,0
2021-06-10 21:00,33.9082,208.4433,453,37.2064,3.2113,4e-4,0
2021-06-10 22:00,32.5701,139.6236,453,41.8992,3.3427,4e-4,0
2021-06-10 23:00,31.0443,65.9919,453,47.2323,3.3955,4e-4,0
2021-06-11 00:00,29.4988,0,408,52.5392,3.3417,0,0
2021-06-11 01:00,28.0758,0,408,57.268,3.1644,0,0
2021-06-11 02:00,26.8145,0,408,61.3268,2.8915,0,0
2021-06-11 03:00,25.728,0,408,64.7384,2.5619,0,0
2021-06-11 04:00,24.8296,0,408,67.5255,2.2146,0,0
2021-06-11 05:00,24.1325,0,408,69.7109,1.8886,0,0
2021-06-11 06:00,23.65,0,384,71.3176,1.6229,0,0
2021-06-11 07:00,23.3863,0,384,72.3815,1.4482,0,0
2021-06-11 08:00,23.3093,0,384,72.992,1.3619,0,0
2021-06-11 09:00,23.3782,0,384,73.2517,1.3533,0,0
2021-06-11 10:00,23.5519,0,384,73.2631,1.4114,0,0
2021-06-11 11:00,23.7895,114,384,73.1287,1.5255,0,0
2021-06-11 12:00,24.05,185.5646,415,72.9511,1.6847,0.0036,0
2021-06-11 13:00,24.2968,272.6812,415,72.8246,1.8764,0.0036,0
2021-06-11 14:00,24.5109,347.2249,415,72.8096,2.081,0.0036,0
2021-06-11 15:00,24.6776,404.1186,415,72.9585,2.2772,0.0036,0
2021-06-11 16:00,24.7824,439.4874,415,73.3234,2.4438,0.0036,0
2021-06-11 17:00,24.8105,450.9233,415,73.9566,2.5594,0.0036,0
2021-06-11 18:00,24.7475,110.5272,420,74.9103,2.6027,4e-4,0
2021-06-11 19:00,24.5867,101.1631,420,76.2038,2.5607,4e-4,0
2021-06-11 20:00,24.3544,86.4258,420,77.7251,2.454,4e-4,0
2021-06-11 21:00,24.0849,67.3196,420,79.3293,2.3115,4e-4,0
2021-06-11 22:00,23.8125,45.1466,420,80.8716,2.1619,4e-4,0
2021-06-11 23:00,23.5714,21.4177,420,82.2071,2.0343,4e-4,0
2021-06-12 00:00,23.3961,0,417,83.1909,1.9574,4e-4,0
2021-06-12 01:00,23.3097,0,417,83.7335,1.9512,4e-4,0
2021-06-12 02:00,23.2912,0,417,83.9668,1.9998,4e-4,0
2021-06-12 03:00,23.3086,0,417,84.0781,2.0782,4e-4,0
2021-06-12 04:00,23.3299,0,417,84.2548,2.1616,4e-4,0
2021-06-12 05:00,23.3229,0,417,84.6841,2.225,4e-4,0
2021-06-12 06:00,23.2556,0,405,85.5533,2.2437,0,0
2021-06-12 07:00,23.1148,0,405,86.9524,2.1998,0,0
2021-06-12 08:00,22.9625,0,405,88.5821,2.1049,0,0
2021-06-12 09:00,22.8796,0,405,90.0458,1.9775,0,0
2021-06-12 10:00,22.9469,0,405,90.9469,1.8363,0,0
2021-06-12 11:00,23.2452,84,405,90.8889,1.6998,0,0
2021-06-12 12:00,23.8556,278.2453,429,89.475,1.5867,0.0232,0
2021-06-12 13:00,24.818,408.92,429,86.4885,1.5142,0.0232,0
2021-06-12 14:00,26.0093,520.7686,429,82.4313,1.4931,0.0232,0
2021-06-12 15:00,27.2659,606.1725,429,77.9848,1.5329,0.0232,0
2021-06-12 16:00,28.4237,659.3152,429,73.8309,1.6429,0.0232,0
2021-06-12 17:00,29.3191,676.5784,429,70.651,1.8327,0.0232,0
2021-06-12 18:00,29.7881,703.9793,427,69.1268,2.1115,0.0516,0
2021-06-12 19:00,29.7171,644.4991,427,69.7303,2.4789,0.0516,0
2021-06-12 20:00,29.1926,550.8057,427,72.0959,2.8943,0.0516,0
2021-06-12 21:00,28.3511,429.2845,427,75.6483,3.3069,0.0516,0
2021-06-12 22:00,27.3292,288.2167,427,79.8121,3.6664,0.0516,0
2021-06-12 23:00,26.2637,137.2148,427,84.0121,3.922,0.0516,0
2021-06-13 00:00,25.291,0,409,87.673,4.0231,4e-4,0
2021-06-13 01:00,24.5203,0,409,90.3443,3.9372,4e-4,0
2021-06-13 02:00,23.9506,0,409,92.0734,3.7035,4e-4,0
2021-06-13 03:00,23.5537,0,409,93.0326,3.3793,4e-4,0
2021-06-13 04:00,23.3011,0,409,93.3942,3.0217,4e-4,0
2021-06-13 05:00,23.1644,0,409,93.3304,2.6881,4e-4,0
2021-06-13 06:00,23.1152,0,403,93.0134,2.4356,0,0
2021-06-13 07:00,23.1294,0,403,92.5801,2.3072,0,0
2021-06-13 08:00,23.1999,0,403,92.0259,2.2885,0,0
2021-06-13 09:00,23.3239,0,403,91.3108,2.3509,0,0
2021-06-13 10:00,23.4986,0,403,90.3948,2.4656,0,0
2021-06-13 11:00,23.7209,144,403,89.2378,2.6039,0,0
2021-06-13 12:00,23.9883,120.7833,435,87.8,2.7373,4e-4,0
2021-06-13 13:00,24.2962,177.5388,435,86.0749,2.8416,4e-4,0
2021-06-13 14:00,24.6344,226.132,435,84.1905,2.9114,4e-4,0
2021-06-13 15:00,24.9909,263.253,435,82.3083,2.9461,4e-4,0
2021-06-13 16:00,25.354,286.3736,435,80.5899,2.945,4e-4,0
2021-06-13 17:00,25.7117,293.9194,435,79.197,2.9072,4e-4,0
2021-06-13 18:00,26.0522,689.5783,431,78.291,2.8321,0.0228,0
2021-06-13 19:00,26.3623,631.4711,431,77.991,2.7224,0.0228,0
2021-06-13 20:00,26.623,539.8588,431,78.2459,2.5944,0.0228,0
2021-06-13 21:00,26.814,420.9846,431,78.9622,2.4679,0.0228,0
2021-06-13 22:00,26.915,282.9491,431,80.0462,2.3627,0.0228,0
2021-06-13 23:00,26.9056,135.1581,431,81.4044,2.2986,0.0228,0
2021-06-14 00:00,26.7656,0,406,82.9432,2.2952,0.016,0
2021-06-14 01:00,26.483,0,406,84.5892,2.3638,0.016,0
2021-06-14 02:00,26.0789,0,406,86.3493,2.4807,0.016,0
2021-06-14 03:00,25.5825,0,406,88.2506,2.6137,0.016,0
2021-06-14 04:00,25.0236,0,406,90.3205,2.7305,0.016,0
2021-06-14 05:00,24.4313,0,406,92.5858,2.7988,0.016,0
2021-06-14 06:00,23.8352,0,401,95.0738,2.7864,0.002,0
2021-06-14 07:00,23.2782,0,401,97.7055,2.6744,0.002,0
2021-06-14 08:00,22.8574,0,401,99.977,2.4981,0.002,0
2021-06-14 09:00,22.6836,0,401,101.2782,2.3059,0.002,0
2021-06-14 10:00,22.8672,0,401,100.9992,2.1464,0.002,0
2021-06-14 11:00,23.5192,150,401,98.5298,2.0683,0.002,0
2021-06-14 12:00,24.75,392.8642,425,93.2602,2.1202,8e-4,0
2021-06-14 13:00,26.6064,577.6023,425,84.8883,2.33,8e-4,0
2021-06-14 14:00,28.8793,735.8201,425,74.3451,2.6439,8e-4,0
2021-06-14 15:00,31.2956,856.7404,425,62.8696,2.9874,8e-4,0
2021-06-14 16:00,33.5823,932.1269,425,51.701,3.2859,8e-4,0
2021-06-14 17:00,35.4662,956.8462,425,42.0781,3.4651,8e-4,0
2021-06-14 18:00,36.6743,497.6133,463.2914,35.2401,3.4504,0,0
2021-06-14 19:00,37.0112,455.7928,463.2914,32.1059,3.1934,0,0
2021-06-14 20:00,36.5919,389.7984,463.2914,32.3143,2.7501,0,0
2021-06-14 21:00,35.6092,304.1275,463.2914,35.1841,2.2025,0,0
2021-06-14 22:00,34.2557,204.6179,463.2914,40.0339,1.6326,0,0
2021-06-14 23:00,32.7242,98.05,463.2914,46.1824,1.1223,0,0
2021-06-15 00:00,31.2074,0,422,52.9483,0.7538,0.0028,0
2021-06-15 01:00,29.8632,0,422,59.6984,0.5886,0.0028,0
2021-06-15 02:00,28.7105,0,422,65.9916,0.6061,0.0028,0
2021-06-15 03:00,27.7333,0,422,71.4345,0.7656,0.0028,0
2021-06-15 04:00,26.9157,0,422,75.6342,1.0261,0.0028,0
2021-06-15 05:00,26.2418,0,422,78.1975,1.3466,0.0028,0
2021-06-15 06:00,25.6955,0,387,78.7312,1.6864,0,0
2021-06-15 07:00,25.2706,0,387,77.0151,2.0133,0,0
2021-06-15 08:00,24.9986,0,387,73.5209,2.3311,0,0
2021-06-15 09:00,24.9206,0,387,68.8931,2.6526,0,0
2021-06-15 10:00,25.0778,0,387,63.7762,2.9903,0,0
2021-06-15 11:00,25.5113,156,387,58.8147,3.3569,0,0
2021-06-15 12:00,26.2622,393.6779,405,54.6532,3.7652,8e-4,0
2021-06-15 13:00,27.3333,578.965,405,51.8152,4.2225,8e-4,0
2021-06-15 14:00,28.574,737.7012,405,50.3395,4.7152,8e-4,0
2021-06-15 15:00,29.7951,859.0736,405,50.144,5.2246,8e-4,0
2021-06-15 16:00,30.8075,934.815,405,51.1466,5.7318,8e-4,0
2021-06-15 17:00,31.4221,959.7673,405,53.265,6.2181,8e-4,0
2021-06-15 18:00,31.45,615.0157,416.9651,56.4171,6.6646,0.006,0
2021-06-15 19:00,30.7693,563.4627,416.9651,60.4723,7.054,0.006,0
2021-06-15 20:00,29.5272,482.0355,416.9651,65.1057,7.3752,0.006,0
2021-06-15 21:00,27.9385,376.283,416.9651,69.9442,7.6185,0.006,0
2021-06-15 22:00,26.2176,253.4111,416.9651,74.6144,7.7744,0.006,0
2021-06-15 23:00,24.5792,121.792,416.9651,78.7431,7.8331,0.006,0
2021-06-16 00:00,23.2378,0,408,81.957,7.785,0.002,0
2021-06-16 01:00,22.3551,0,408,83.9824,7.6266,0.002,0
2021-06-16 02:00,21.8809,0,408,84.9436,7.3777,0.002,0
2021-06-16 03:00,21.7121,0,408,85.0642,7.0646,0.002,0
2021-06-16 04:00,21.7454,0,408,84.568,6.7132,0.002,0
2021-06-16 05:00,21.8777,0,408,83.6788,6.3497,0.002,0
2021-06-16 06:00,22.0059,0,385,82.6203,5.9999,0,0
2021-06-16 07:00,22.0535,0,385,81.5731,5.6872,0,0
2021-06-16 08:00,22.0504,0,385,80.5455,5.4229,0,0
2021-06-16 09:00,22.0532,0,385,79.5024,5.2156,0,0
2021-06-16 10:00,22.1184,0,385,78.4089,5.0741,0,0
2021-06-16 11:00,22.3027,144,385,77.23,5.0067,0,0
2021-06-16 12:00,22.6627,334.7072,401.469,75.9309,5.0222,0.0076,0
2021-06-16 13:00,23.2307,492.4084,401.469,74.4904,5.1233,0.0076,0
2021-06-16 14:00,23.9427,627.5529,401.469,72.9433,5.2901,0.0076,0
2021-06-16 15:00,24.7106,730.9346,401.469,71.3382,5.4967,0.0076,0
2021-06-16 16:00,25.4462,795.5115,401.469,69.7237,5.7172,0.0076,0
2021-06-16 17:00,26.0612,816.8855,401.469,68.1485,5.926,0.0076,0
2021-06-16 18:00,26.4675,897.3548,393,66.6611,6.0972,0.0044,0
2021-06-16 19:00,26.6005,822.3267,393,65.3171,6.2074,0.0044,0
2021-06-16 20:00,26.4906,703.7114,393,64.1995,6.2431,0.0044,0
2021-06-16 21:00,26.1916,549.5915,393,63.3979,6.1933,0.0044,0
2021-06-16 22:00,25.7573,370.4685,393,63.0024,6.0469,0.0044,0
2021-06-16 23:00,25.2419,178.5471,393,63.1026,5.7927,0.0044,0
2021-06-17 00:00,24.699,0,378,63.7885,5.4197,0,0
2021-06-17 01:00,24.1745,0,378,65.1072,4.9287,0,0
2021-06-17 02:00,23.6806,0,378,66.9356,4.3675,0,0
2021-06-17 03:00,23.2216,0,378,69.1078,3.7959,0,0
2021-06-17 04:00,22.8017,0,378,71.4582,3.2734,0,0
2021-06-17 05:00,22.4249,0,378,73.8209,2.8599,0,0
2021-06-17 06:00,22.0955,0,382,76.0302,2.6149,0,0
2021-06-17 07:00,21.8275,0,382,77.9073,2.5812,0,0
2021-06-17 08:00,21.6747,0,382,79.2206,2.7333,0,0
2021-06-17 09:00,21.7006,0,382,79.7257,3.0284,0,0
2021-06-17 10:00,21.9689,0,382,79.1781,3.4241,0,0
2021-06-17 11:00,22.5431,126,382,77.3332,3.8776,0,0
2021-06-17 12:00,23.4871,342.3684,407,73.9466,4.3465,0,0
2021-06-17 13:00,24.8212,503.8802,407,68.9372,4.7938,0,0
2021-06-17 14:00,26.3944,642.3326,407,62.8777,5.2049,0,0
2021-06-17 15:00,28.0123,748.2941,407,56.5043,5.5709,0,0
2021-06-17 16:00,29.4808,814.5468,407,50.5533,5.8829,0,0
2021-06-17 17:00,30.6057,836.5779,407,45.7607,6.1321,0,0
2021-06-17 18:00,31.1926,766.8499,409,42.8628,6.3094,0,0
2021-06-17 19:00,31.1067,702.8935,409,42.3778,6.4072,0,0
2021-06-17 20:00,30.4503,601.6876,409,43.9518,6.422,0,0
2021-06-17 21:00,29.3849,470.1281,409,47.0127,6.3515,0,0
2021-06-17 22:00,28.072,317.1792,409,50.9888,6.1933,0,0
2021-06-17 23:00,26.6732,153.2618,409,55.3081,5.9452,0,0
2021-06-18 00:00,25.35,0,363,59.3986,5.6049,0,0
2021-06-18 01:00,24.233,0,363,62.806,5.1781,0,0
2021-06-18 02:00,23.3281,0,363,65.5469,4.7036,0,0
2021-06-18 03:00,22.6103,0,363,67.7553,4.2279,0,0
2021-06-18 04:00,22.0545,0,363,69.5654,3.7978,0,0
2021-06-18 05:00,21.6357,0,363,71.1111,3.4601,0,0
2021-06-18 06:00,21.3287,0,355,72.5268,3.2615,0,0
2021-06-18 07:00,21.1206,0,355,73.8757,3.2349,0,0
2021-06-18 08:00,21.047,0,355,74.9387,3.3585,0,0
2021-06-18 09:00,21.1555,0,355,75.4258,3.5969,0,0
2021-06-18 10:00,21.4937,0,355,75.047,3.9143,0,0
2021-06-18 11:00,22.1093,156,355,73.5124,4.2754,0,0
2021-06-18 12:00,23.05,400.1382,378.2475,70.5321,4.6444,0,0
2021-06-18 13:00,24.3262,589.1697,378.2475,65.9839,4.9907,0,0
2021-06-18 14:00,25.7995,751.2628,378.2475,60.4165,5.3023,0,0
2021-06-18 15:00,27.2942,875.3752,378.2475,54.5463,5.5722,0,0
2021-06-18 16:00,28.6345,953.0519,378.2475,49.0899,5.7933,0,0
2021-06-18 17:00,29.6451,979.0022,378.2475,44.7637,5.9585,0,0
2021-06-18 18:00,30.15,932.7029,378.8873,42.2842,6.0607,0,0
2021-06-18 19:00,30.0285,855.1042,378.8873,42.1614,6.0938,0,0
2021-06-18 20:00,29.3787,732.1949,378.8873,44.0793,6.0556,0,0
2021-06-18 21:00,28.3533,572.3496,378.8873,47.5156,5.9448,0,0
2021-06-18 22:00,27.1053,386.4593,378.8873,51.9478,5.7602,0,0
2021-06-18 23:00,25.7876,187.1891,378.8873,56.8536,5.5006,0,0
2021-06-19 00:00,24.5529,0,357,61.7104,5.1646,0,0
2021-06-19 01:00,23.5244,0,357,66.082,4.7577,0,0
2021-06-19 02:00,22.7059,0,357,69.8761,4.3109,0,0
2021-06-19 03:00,22.0712,0,357,73.0864,3.8622,0,0
2021-06-19 04:00,21.5943,0,357,75.7067,3.4492,0,0
2021-06-19 05:00,21.2491,0,357,77.7308,3.1098,0,0
2021-06-19 06:00,21.0097,0,354,79.1524,2.8817,0,0
2021-06-19 07:00,20.8605,0,354,79.959,2.792,0,0
2021-06-19 08:00,20.8282,0,354,80.1127,2.8252,0,0
2021-06-19 09:00,20.9498,0,354,79.5691,2.9552,0,0
2021-06-19 10:00,21.2625,0,354,78.284,3.1558,0,0
2021-06-19 11:00,21.8035,150,354,76.2132,3.4007,0,0
2021-06-19 12:00,22.6099,275.8225,408,73.3123,3.6639,4e-4,0
2021-06-19 13:00,23.6894,406.3315,408,69.6056,3.9223,4e-4,0
2021-06-19 14:00,24.9311,518.2766,408,65.3917,4.1655,4e-4,0
2021-06-19 15:00,26.1949,604.0313,408,61.0375,4.3864,4e-4,0
2021-06-19 16:00,27.3403,657.7538,408,56.9103,4.5778,4e-4,0
2021-06-19 17:00,28.2273,675.7844,408,53.377,4.7325,4e-4,0
2021-06-19 18:00,28.7154,773.4297,399,50.8048,4.8433,0,0
2021-06-19 19:00,28.7063,709.2357,399,49.4728,4.9033,0,0
2021-06-19 20:00,28.2699,607.462,399,49.3084,4.9063,0,0
2021-06-19 21:00,27.5178,475.0428,399,50.1512,4.8465,0,0
2021-06-19 22:00,26.5617,321.0003,399,51.8406,4.718,0,0
2021-06-19 23:00,25.5134,155.8295,399,54.2163,4.5149,0,0
2021-06-20 00:00,24.4846,0,365.1907,57.1177,4.2314,0,0
2021-06-20 01:00,23.5673,0,365.1907,60.3846,3.8692,0,0
2021-06-20 02:00,22.7755,0,365.1907,63.8576,3.46,0,0
2021-06-20 03:00,22.1031,0,365.1907,67.3776,3.0433,0,0
2021-06-20 04:00,21.5445,0,365.1907,70.7852,2.6584,0,0
2021-06-20 05:00,21.0939,0,365.1907,73.9215,2.3447,0,0
2021-06-20 06:00,20.7454,0,361,76.6271,2.1416,0,0
2021-06-20 07:00,20.5027,0,361,78.7439,2.0763,0,0
2021-06-20 08:00,20.4083,0,361,80.1172,2.1273,0,0
2021-06-20 09:00,20.5139,0,361,80.5933,2.2609,0,0
2021-06-20 10:00,20.8714,0,361,80.0185,2.4434,0,0
2021-06-20 11:00,21.5329,150,361,78.2392,2.6411,0,0
2021-06-20 12:00,22.55,345.0818,402.7632,75.1015,2.8204,0,0
2021-06-20 13:00,23.9365,508.6472,402.7632,70.5775,2.9563,0,0
2021-06-20 14:00,25.5525,648.9899,402.7632,65.1421,3.0583,0,0
2021-06-20 15:00,27.2199,756.5486,402.7632,59.3957,3.1448,0,0
2021-06-20 16:00,28.7607,823.9959,402.7632,53.939,3.234,0,0
2021-06-20 17:00,29.9968,846.7367,402.7632,49.3723,3.3442,0,0
2021-06-20 18:00,30.75,596.0956,435,46.2964,3.4937,8e-4,0
2021-06-20 19:00,30.8951,546.7352,435,45.1435,3.6915,8e-4,0
2021-06-20 20:00,30.5176,468.4045,435,45.674,3.9097,8e-4,0
2021-06-20 21:00,29.756,366.4402,435,47.4797,4.1112,8e-4,0
2021-06-20 22:00,28.7486,247.7892,435,50.1528,4.2589,8e-4,0
2021-06-20 23:00,27.6338,120.5353,435,53.2854,4.3157,8e-4,0
2021-06-21 00:00,26.55,0,396,56.4695,4.2444,0,0
2021-06-21 01:00,25.608,0,396,59.3778,4.0232,0,0
2021-06-21 02:00,24.8087,0,396,62.006100000000004,3.6912,0,0
2021-06-21 03:00,24.1252,0,396,64.4307,3.3025,0,0
2021-06-21 04:00,23.5308,0,396,66.728,2.9117,0,0
2021-06-21 05:00,22.9989,0,396,68.9743,2.5731,0,0
2021-06-21 06:00,22.5027,0,384,71.2462,2.3409,4e-4,0
2021-06-21 07:00,22.0375,0,384,73.5403,2.2533,4e-4,0
2021-06-21 08:00,21.6871,0,384,75.5354,2.2843,4e-4,0
2021-06-21 09:00,21.5574,0,384,76.8307,2.3916,4e-4,0
2021-06-21 10:00,21.7543,0,384,77.0252,2.5329,4e-4,0
2021-06-21 11:00,22.3838,144,384,75.7182,2.6659,4e-4,0
2021-06-21 12:00,23.5515,387.3266,409,72.5088,2.7484,0,0
2021-06-21 13:00,25.2994,571.2665,409,67.2209,2.7503,0,0
2021-06-21 14:00,27.413,729.1397,409,60.5771,2.6904,0,0
2021-06-21 15:00,29.6134,850.1903,409,53.5246,2.5996,0,0
2021-06-21 16:00,31.6222,926.1711,409,47.011,2.5088,0,0
2021-06-21 17:00,33.1606,951.9056,409,41.9834,2.449,0,0
2021-06-21 18:00,33.95,528.7019,438,39.3892,2.4511,4e-4,0
2021-06-21 19:00,33.7997,485.021,438,39.8879,2.5348,4e-4,0
2021-06-21 20:00,32.8708,415.6372,438,42.9872,2.6741,4e-4,0
2021-06-21 21:00,31.4124,325.2775,438,47.907,2.8321,4e-4,0
2021-06-21 22:00,29.6734,220.098,438,53.8672,2.9714,4e-4,0
2021-06-21 23:00,27.9029,107.2644,438,60.0875,3.055,4e-4,0
2021-06-22 00:00,26.35,0,396,65.788,3.0458,0,0
2021-06-22 01:00,25.207,0,396,70.3608,2.9199,0,0
2021-06-22 02:00,24.4393,0,396,73.8886,2.7068,0,0
2021-06-22 03:00,23.9557,0,396,76.6262,2.4497,0,0
2021-06-22 04:00,23.6649,0,396,78.8285,2.1913,0,0
2021-06-22 05:00,23.4758,0,396,80.7507,1.9747,0,0
2021-06-22 06:00,23.297,0,392,82.6475,1.8427,0,0
2021-06-22 07:00,23.0693,0,392,84.6558,1.8262,0,0
2021-06-22 08:00,22.8616,0,392,86.4397,1.9075,0,0
2021-06-22 09:00,22.775,0,392,87.545,2.0567,0,0
2021-06-22 10:00,22.9102,0,392,87.5176,2.244,0,0
2021-06-22 11:00,23.3682,114,392,85.9035,2.4395,0,0
2021-06-22 12:00,24.25,316.9584,424,82.2486,2.6133,0.002,0
2021-06-22 13:00,25.604,467.7926,424,76.3353,2.7412,0.002,0
2021-06-22 14:00,27.2679,597.2914,424,68.8932,2.821,0.002,0
2021-06-22 15:00,29.0271,696.6319,424,60.8881,2.8558,0.002,0
2021-06-22 16:00,30.6668,759.0456,424,53.2863,2.8491,0.002,0
2021-06-22 17:00,31.9723,780.28,424,47.0538,2.804,0.002,0
2021-06-22 18:00,32.7289,287.8072,453,43.1565,2.724,0.004,0
2021-06-22 19:00,32.7858,264.0809,453,42.2724,2.6139,0.004,0
2021-06-22 20:00,32.248,226.3576,453,43.9261,2.485,0.004,0
2021-06-22 21:00,31.2848,177.2072,453,47.3543,2.3503,0.004,0
2021-06-22 22:00,30.065,119.978,453,51.7934,2.2228,0.004,0
2021-06-22 23:00,28.7578,58.5692,453,56.4799,2.1154,0.004,0
2021-06-23 00:00,27.5322,0,409,60.6504,2.0411,0,0
2021-06-23 01:00,26.5221,0,409,63.7146,2.0086,0,0
2021-06-23 02:00,25.7202,0,409,65.7752,2.0099,0,0
2021-06-23 03:00,25.0844,0,409,67.1081,2.0328,0,0
2021-06-23 04:00,24.5724,0,409,67.9892,2.065,0,0
2021-06-23 05:00,24.1416,0,409,68.6946,2.0942,0,0
2021-06-23 06:00,23.75,0,386,69.5,2.1082,0,0
2021-06-23 07:00,23.3764,0,386,70.5693,2.0983,0,0
2021-06-23 08:00,23.085,0,386,71.6179,2.0695,0,0
2021-06-23 09:00,22.9612,0,386,72.2489,2.0306,0,0
2021-06-23 10:00,23.0905,0,386,72.0655,1.9903,0,0
2021-06-23 11:00,23.5583,132,386,70.671,1.9572,0,0
2021-06-23 12:00,24.45,370.6312,404,67.6686,1.9399,0,0
2021-06-23 13:00,25.804,547.4009,404,62.858,1.9478,0,0
2021-06-23 14:00,27.4697,699.2131,404,56.8255,1.9926,0,0
2021-06-23 15:00,29.2497,815.7242,404,50.3538,2.0869,0,0
2021-06-23 16:00,30.9461,888.9957,404,44.2257,2.2431,0,0
2021-06-23 17:00,32.3616,914.035,404,39.224,2.4737,0,0
2021-06-23 18:00,33.2983,824.924,425,36.1314,2.791,0,0
2021-06-23 19:00,33.6117,757.0631,425,35.5191,3.1958,0,0
2021-06-23 20:00,33.3682,649.0655,425,37.1123,3.6419,0,0
2021-06-23 21:00,32.6874,508.2883,425,40.4245,4.071,0,0
2021-06-23 22:00,31.6886,344.322,425,44.9691,4.4252,0,0
2021-06-23 23:00,30.4914,168.3371,425,50.2596,4.6464,0,0
2021-06-24 00:00,29.2152,0,391,55.8097,4.6765,0,0
2021-06-24 01:00,27.9633,0,391,61.199,4.4773,0,0
2021-06-24 02:00,26.774,0,391,66.2721,4.0907,0,0
2021-06-24 03:00,25.6698,0,391,70.9395,3.5782,0,0
2021-06-24 04:00,24.6728,0,391,75.112,3.0016,0,0
2021-06-24 05:00,23.8052,0,391,78.7003,2.4224,0,0
2021-06-24 06:00,23.0895,0,374,81.6151,1.9023,0,0
2021-06-24 07:00,22.5529,0,374,83.7496,1.4917,0,0
2021-06-24 08:00,22.2437,0,374,84.9281,1.1952,0,0
2021-06-24 09:00,22.2151,0,374,84.9572,1.0062,0,0
2021-06-24 10:00,22.5205,0,374,83.6437,0.918,0,0
2021-06-24 11:00,23.2133,144,374,80.7944,0.924,0,0
2021-06-24 12:00,24.3467,383.7675,404,76.216,1.0176,0,0
2021-06-24 13:00,25.9295,567.2396,404,69.892,1.1914,0,0
2021-06-24 14:00,27.7917,724.8558,404,62.5135,1.4349,0,0
2021-06-24 15:00,29.7187,845.8768,404,54.9482,1.7372,0,0
2021-06-24 16:00,31.4961,922.0565,404,48.0637,2.0871,0,0
2021-06-24 17:00,32.9091,948.2037,404,42.728,2.4736,0,0
2021-06-24 18:00,33.7434,762.1562,430,39.8087,2.8854,8e-4,0
2021-06-24 19:00,33.8482,699.587,430,39.9132,3.308,8e-4,0
2021-06-24 20:00,33.3285,599.9163,430,42.6064,3.7121,8e-4,0
2021-06-24 21:00,32.3532,469.9335,430,47.1931,4.065,8e-4,0
2021-06-24 22:00,31.0912,318.4936,430,52.978,4.3337,8e-4,0
2021-06-24 23:00,29.7114,155.9135,430,59.2655,4.4857,8e-4,0
2021-06-25 00:00,28.3827,0,398,65.3604,4.488,4e-4,0
2021-06-25 01:00,27.2414,0,398,70.6974,4.3216,4e-4,0
2021-06-25 02:00,26.294,0,398,75.2321,4.0228,4e-4,0
2021-06-25 03:00,25.5143,0,398,79.0501,3.6414,4e-4,0
2021-06-25 04:00,24.8761,0,398,82.2372,3.2275,4e-4,0
2021-06-25 05:00,24.3532,0,398,84.8791,2.831,4e-4,0
2021-06-25 06:00,23.9197,0,386,87.0613,2.5018,0,0
2021-06-25 07:00,23.5637,0,386,88.8124,2.2778,0,0
2021-06-25 08:00,23.3315,0,386,89.9316,2.1477,0,0
2021-06-25 09:00,23.2839,0,386,90.161,2.0883,0,0
2021-06-25 10:00,23.4816,0,386,89.2425,2.0762,0,0
2021-06-25 11:00,23.9853,144,386,86.9183,2.0882,0,0
2021-06-25 12:00,24.8558,345.0089,418.2475,82.9303,2.1008,0,0
2021-06-25 13:00,26.1138,510.3706,418.2475,77.1934,2.095,0,0
2021-06-25 14:00,27.6203,652.4716,418.2475,70.3132,2.0687,0,0
2021-06-25 15:00,29.1962,761.6293,418.2475,63.0683,2.024,0,0
2021-06-25 16:00,30.6625,830.4058,418.2475,56.2373,1.963,0,0
2021-06-25 17:00,31.8401,854.1138,418.2475,50.5986,1.8879,0,0
2021-06-25 18:00,32.55,369.5058,456,46.9308,1.8008,4e-4,0
2021-06-25 19:00,32.6665,339.2309,456,45.7899,1.7063,4e-4,0
2021-06-25 20:00,32.2774,290.9582,456,46.8417,1.6194,4e-4,0
2021-06-25 21:00,31.5238,227.976,456,49.5296,1.5574,4e-4,0
2021-06-25 22:00,30.5468,154.5746,456,53.2969,1.5377,4e-4,0
2021-06-25 23:00,29.4875,75.7545,456,57.587,1.5777,4e-4,0
2021-06-26 00:00,28.4871,0,403,61.8431,1.6949,0,0
2021-06-26 01:00,27.6561,0,403,65.6211,1.8985,0,0
2021-06-26 02:00,26.9836,0,403,68.9267,2.1656,0,0
2021-06-26 03:00,26.4279,0,403,71.8779,2.4652,0,0
2021-06-26 04:00,25.9476,0,403,74.593,2.7664,0,0
2021-06-26 05:00,25.501,0,403,77.19,3.038,0,0
2021-06-26 06:00,25.0466,0,391,79.7871,3.249,4e-4,0
2021-06-26 07:00,24.5693,0,391,82.405,3.3742,4e-4,0
2021-06-26 08:00,24.1592,0,391,84.6746,3.4114,4e-4,0
2021-06-26 09:00,23.933,0,391,86.1296,3.3642,4e-4,0
2021-06-26 10:00,24.0074,0,391,86.3035,3.2361,4e-4,0
2021-06-26 11:00,24.4989,138,391,84.7297,3.0306,4e-4,0
2021-06-26 12:00,25.5242,384.7503,415,80.9419,2.7514,0,0
2021-06-26 13:00,27.1382,569.6569,415,74.7096,2.4094,0,0
2021-06-26 14:00,29.1488,728.6008,415,66.7463,2.0452,0,0
2021-06-26 15:00,31.3021,850.7519,415,58.0018,1.707,0,0
2021-06-26 16:00,33.3444,927.7863,415,49.4256,1.4427,0,0
2021-06-26 17:00,35.0217,954.4538,415,41.9673,1.3005,0,0
2021-06-26 18:00,36.0803,498.5571,459,36.5766,1.3283,0,0
2021-06-26 19:00,36.3374,457.7856,459,33.9729,1.5542,0,0
2021-06-26 20:00,35.8938,392.715,459,33.9551,1.9255,0,0
2021-06-26 21:00,34.9213,307.7776,459,36.0921,2.3694,0,0
2021-06-26 22:00,33.592,208.7592,459,39.9527,2.8132,0,0
2021-06-26 23:00,32.0776,102.4055,459,45.1056,3.1841,0,0
2021-06-27 00:00,30.55,0,405.588,51.1198,3.4094,0.0012,0
2021-06-27 01:00,29.1516,0,405.588,57.5821,3.4381,0.0012,0
2021-06-27 02:00,27.9065,0,405.588,64.1521,3.306,0.0012,0
2021-06-27 03:00,26.8091,0,405.588,70.5076,3.071,0.0012,0
2021-06-27 04:00,25.8542,0,405.588,76.3265,2.7908,0.0012,0
2021-06-27 05:00,25.0363,0,405.588,81.2864,2.5231,0.0012,0
2021-06-27 06:00,24.35,0,392,85.0651,2.3255,4e-4,0
2021-06-27 07:00,23.804,0,392,87.3918,2.2401,4e-4,0
2021-06-27 08:00,23.4645,0,392,88.2013,2.2455,4e-4,0
2021-06-27 09:00,23.4118,0,392,87.4799,2.3047,4e-4,0
2021-06-27 10:00,23.7263,0,392,85.2138,2.3804,4e-4,0
2021-06-27 11:00,24.4882,138,392,81.3891,2.4358,4e-4,0
2021-06-27 12:00,25.778,382.0651,420,75.9921,2.4336,0,0
2021-06-27 13:00,27.6202,566.2034,420,69.1252,2.3466,0,0
2021-06-27 14:00,29.8162,724.5339,420,61.3552,2.187,0,0
2021-06-27 15:00,32.1115,846.2677,420,53.3647,1.9767,0,0
2021-06-27 16:00,34.2519,923.1091,420,45.8368,1.7378,0,0
2021-06-27 17:00,35.9829,949.8207,420,39.4543,1.4923,0,0
2021-06-27 18:00,37.05,524.2083,464,34.9,1.2621,0,0
2021-06-27 19:00,37.2717,481.4163,464,32.6939,1.0665,0,0
2021-06-27 20:00,36.757,413.0569,464,32.7046,0.9136,0,0
2021-06-27 21:00,35.6878,323.7864,464,34.6375,0.8089,0,0
2021-06-27 22:00,34.2459,219.6857,464,38.1985,0.7576,0,0
2021-06-27 23:00,32.6131,107.8464,464,43.0929,0.7652,0,0
2021-06-28 00:00,30.9713,0,420,49.0265,0.837,0.0196,0
2021-06-28 01:00,29.4714,0,420,55.6921,0.9729,0.0196,0
2021-06-28 02:00,28.1401,0,420,62.7311,1.1507,0.0196,0
2021-06-28 03:00,26.9734,0,420,69.7722,1.3427,0.0196,0
2021-06-28 04:00,25.9672,0,420,76.4441,1.5213,0.0196,0
2021-06-28 05:00,25.1173,0,420,82.3754,1.6587,0.0196,0
2021-06-28 06:00,24.4197,0,393,87.1948,1.7273,0.0036,0
2021-06-28 07:00,23.8811,0,393,90.576,1.7097,0.0036,0
2021-06-28 08:00,23.5518,0,393,92.3726,1.6298,0.0036,0
2021-06-28 09:00,23.4929,0,393,92.4832,1.5219,0.0036,0
2021-06-28 10:00,23.7655,0,393,90.8065,1.4202,0.0036,0
2021-06-28 11:00,24.4308,138,393,87.241,1.359,0.0036,0
2021-06-28 12:00,25.55,352.7845,427,81.6853,1.3724,0,0
2021-06-28 13:00,27.1405,523.3195,427,74.192,1.4854,0,0
2021-06-28 14:00,29.0456,669.9961,427,65.4288,1.6846,0,0
2021-06-28 15:00,31.0648,782.8193,427,56.2173,1.9475,0,0
2021-06-28 16:00,32.9976,854.1003,427,47.379,2.2513,0,0
2021-06-28 17:00,34.6437,878.9803,427,39.7355,2.5736,0,0
2021-06-28 18:00,35.8027,399.4866,461,34.1084,2.8915,8e-4,0
2021-06-28 19:00,36.3243,366.9317,461,31.1249,3.185,8e-4,0
2021-06-28 20:00,36.2592,314.8775,461,30.6345,3.4435,8e-4,0
2021-06-28 21:00,35.7083,246.8696,461,32.2922,3.6591,8e-4,0
2021-06-28 22:00,34.7725,167.5405,461,35.7531,3.8239,8e-4,0
2021-06-28 23:00,33.5528,82.294,461,40.6724,3.9298,8e-4,0
2021-06-29 00:00,32.15,0,400,46.705,3.9688,0.0072,0
2021-06-29 01:00,30.6575,0,400,53.512,3.9357,0.0072,0
2021-06-29 02:00,29.1384,0,400,60.7781,3.8356,0.0072,0
2021-06-29 03:00,27.6484,0,400,68.1939,3.6764,0.0072,0
2021-06-29 04:00,26.243,0,400,75.45,3.466,0.0072,0
2021-06-29 05:00,24.9779,0,400,82.2371,3.2123,0.0072,0
2021-06-29 06:00,23.9087,0,388.2137,88.2458,2.923,0,0
2021-06-29 07:00,23.0936,0,388.2137,93.1559,2.6098,0,0
2021-06-29 08:00,22.6008,0,388.2137,96.6043,2.2989,0,0
2021-06-29 09:00,22.5012,0,388.2137,98.217,2.0202,0,0
2021-06-29 10:00,22.8658,0,388.2137,97.6201,1.8035,0,0
2021-06-29 11:00,23.7653,138,388.2137,94.4397,1.6788,0,0
2021-06-29 12:00,25.2707,375.0771,424,88.3017,1.6759,0,0
2021-06-29 13:00,27.3928,556.9568,424,79.1135,1.8118,0,0
2021-06-29 14:00,29.9023,713.4362,424,67.9061,2.051,0,0
2021-06-29 15:00,32.51,833.8517,424,55.9921,2.3453,0,0
2021-06-29 16:00,34.9265,909.9969,424,44.6839,2.6463,0,0
2021-06-29 17:00,36.8627,936.6812,424,35.2937,2.9055,0,0
2021-06-29 18:00,38.0292,305.2267,468,29.134,3.0747,0.0036,0
2021-06-29 19:00,38.2203,280.3935,468,27.1597,3.1182,0.0036,0
2021-06-29 20:00,37.565,240.6496,468,28.896,3.0512,0.0036,0
2021-06-29 21:00,36.2757,188.7019,468,33.5104,2.9015,0.0036,0
2021-06-29 22:00,34.5648,128.0889,468,40.1706,2.697,0.0036,0
2021-06-29 23:00,32.6449,62.9395,468,48.0443,2.4655,0.0036,0
2021-06-30 00:00,30.7284,0,408,56.2992,2.235,0.0108,0
2021-06-30 01:00,28.994,0,408,64.2185,2.0311,0.0108,0
2021-06-30 02:00,27.4849,0,408,71.549,1.871,0.0108,0
2021-06-30 03:00,26.2107,0,408,78.1529,1.7696,0.0108,0
2021-06-30 04:00,25.181,0,408,83.8925,1.742,0.0108,0
2021-06-30 05:00,24.4051,0,408,88.6302,1.8032,0.0108,0
2021-06-30 06:00,23.8927,0,410,92.2284,1.9682,0.0076,0
2021-06-30 07:00,23.6511,0,410,94.5637,2.2383,0.0076,0
2021-06-30 08:00,23.6787,0,410,95.5709,2.5607,0.0076,0
2021-06-30 09:00,23.9719,0,410,95.199,2.8687,0.0076,0
2021-06-30 10:00,24.5271,0,410,93.3971,3.0959,0.0076,0
2021-06-30 11:00,25.3404,120,410,90.1144,3.1756,0.0076,0
2021-06-30 12:00,26.4083,275.7495,440.9998,85.3,3.0414,0.008,0
2021-06-30 13:00,27.6976,409.9023,440.9998,79.0571,2.658,0.008,0
2021-06-30 14:00,29.0567,525.3527,440.9998,72.1054,2.1157,0.008,0
2021-06-30 15:00,30.3046,614.2332,440.9998,65.319,1.5362,0.008,0
2021-06-30 16:00,31.2604,670.486,440.9998,59.5718,1.0411,0.008,0
2021-06-30 17:00,31.743,690.2763,440.9998,55.7377,0.752,0.008,0
2021-06-30 18:00,31.5714,72.8729,420,54.6906,0.7905,0.3068,0
2021-06-30 19:00,30.6346,66.953,420,56.9895,1.2338,0.3068,0
2021-06-30 20:00,29.1018,57.47,420,61.9337,1.9807,0.3068,0
2021-06-30 21:00,27.212,45.0698,420,68.5073,2.8854,0.3068,0
2021-06-30 22:00,25.2043,30.5969,420,75.6946,3.8022,0.3068,0
2021-06-30 23:00,23.318,15.0373,420,82.4799,4.5854,0.3068,0
2021-07-01 00:00,21.792,0,385,87.8474,5.0893,0.0032,0
2021-07-01 01:00,20.8053,0,385,91.0481,5.207,0.0032,0
2021-07-01 02:00,20.2963,0,385,92.3996,4.9877,0.0032,0
2021-07-01 03:00,20.143,0,385,92.4864,4.5191,0.0032,0
2021-07-01 04:00,20.2234,0,385,91.8928,3.8894,0.0032,0
2021-07-01 05:00,20.4159,0,385,91.2033,3.1865,0.0032,0
2021-07-01 06:00,20.5983,0,375,91.0022,2.4982,0,0
2021-07-01 07:00,20.6863,0,375,91.6698,1.9029,0,0
2021-07-01 08:00,20.7454,0,375,92.7703,1.4403,0,0
2021-07-01 09:00,20.8784,0,375,93.6638,1.1402,0,0
2021-07-01 10:00,21.1882,0,375,93.7103,1.0326,0,0
2021-07-01 11:00,21.7778,132,375,92.2699,1.1476,0,0
2021-07-01 12:00,22.75,369.0675,401,88.7026,1.515,0.0172,0
2021-07-01 13:00,24.154,549.2335,401,82.662,2.1376,0.0172,0
2021-07-01 14:00,25.8232,704.3257,401,74.9758,2.9092,0.0172,0
2021-07-01 15:00,27.5377,823.7746,401,66.7653,3.6963,0.0172,0
2021-07-01 16:00,29.0771,899.4388,401,59.1517,4.3656,0.0172,0
2021-07-01 17:00,30.2212,926.1598,401,53.2562,4.7835,0.0172,0
2021-07-01 18:00,30.75,443.2259,421,50.2,4.8166,0.002,0
2021-07-01 19:00,30.5158,407.2714,421,50.7629,4.3809,0.002,0
2021-07-01 20:00,29.6615,349.6249,421,54.3586,3.5895,0.002,0
2021-07-01 21:00,28.4027,274.2123,421,60.0594,2.6049,0.002,0
2021-07-01 22:00,26.9549,186.1701,421,66.9375,1.5898,0.002,0
2021-07-01 23:00,25.5336,91.4955,421,74.0651,0.7067,0.002,0
2021-07-02 00:00,24.3544,0,412,80.5146,0.1181,0.0048,0
2021-07-02 01:00,23.5816,0,412,85.5558,-0.0591,0.0048,0
2021-07-02 02:00,23.1749,0,412,89.2494,0.1099,0.0048,0
2021-07-02 03:00,23.0426,0,412,91.854,0.5141,0.0048,0
2021-07-02 04:00,23.0931,0,412,93.6277,1.0425,0.0048,0
2021-07-02 05:00,23.2348,0,412,94.8292,1.5842,0.0048,0
2021-07-02 06:00,23.3762,0,399.811,95.7166,2.0282,4e-4,0
2021-07-02 07:00,23.4533,0,399.811,96.4652,2.2917,4e-4,0
2021-07-02 08:00,23.5132,0,399.811,96.9166,2.4038,4e-4,0
2021-07-02 09:00,23.6305,0,399.811,96.8291,2.4219,4e-4,0
2021-07-02 10:00,23.88,0,399.811,95.961,2.4031,4e-4,0
2021-07-02 11:00,24.3364,114,399.811,94.0708,2.4047,4e-4,0
2021-07-02 12:00,25.0742,338.8787,422,90.9167,2.4839,0.0016,0
2021-07-02 13:00,26.1323,504.8957,422,86.3828,2.6798,0.0016,0
2021-07-02 14:00,27.4051,647.847,422,80.8565,2.9588,0.0016,0
2021-07-02 15:00,28.751,757.9904,422,74.8508,3.2689,0.0016,0
2021-07-02 16:00,30.0285,827.8184,422,68.8787,3.5584,0.0016,0
2021-07-02 17:00,31.096,852.5699,422,63.4533,3.7752,0.0016,0
2021-07-02 18:00,31.812,830.168,428,59.0876,3.8677,0,0
2021-07-02 19:00,32.0723,762.9141,428,56.1921,3.8002,0,0
2021-07-02 20:00,31.922,654.9894,428,54.7668,3.6032,0,0
2021-07-02 21:00,31.4437,513.7439,428,54.7089,3.3231,0,0
2021-07-02 22:00,30.7199,348.7978,428,55.9158,3.0068,0,0
2021-07-02 23:00,29.8331,171.3869,428,58.2848,2.7007,0,0
2021-07-03 00:00,28.8659,0,388.4601,61.7134,2.4516,0,0
2021-07-03 01:00,27.8897,0,388.4601,66.0582,2.2939,0,0
2021-07-03 02:00,26.9318,0,388.4601,71.014,2.2135,0,0
2021-07-03 03:00,26.008,0,388.4601,76.2348,2.1837,0,0
2021-07-03 04:00,25.1346,0,388.4601,81.3747,2.1782,0,0
2021-07-03 05:00,24.3276,0,388.4601,86.0879,2.1705,0,0
2021-07-03 06:00,23.6031,0,373,90.0285,2.1341,0,0
2021-07-03 07:00,22.9878,0,373,92.8805,2.0496,0,0
2021-07-03 08:00,22.5509,0,373,94.4481,1.9245,0,0
2021-07-03 09:00,22.3726,0,373,94.5655,1.7737,0,0
2021-07-03 10:00,22.5326,0,373,93.0668,1.6116,0,0
2021-07-03 11:00,23.111,132,373,89.7862,1.4531,0,0
2021-07-03 12:00,24.1877,380.0404,402,84.5578,1.3126,0,0
2021-07-03 13:00,25.7989,566.9095,402,77.3582,1.2023,0,0
2021-07-03 14:00,27.8053,727.8589,402,68.7332,1.1235,0,0
2021-07-03 15:00,30.0237,851.9194,402,59.371,1.0753,0,0
2021-07-03 16:00,32.2711,930.6346,402,49.9598,1.0563,0,0
2021-07-03 17:00,34.3643,958.6372,402,41.1878,1.0656,0,0
2021-07-03 18:00,36.1204,1044.5598,427,33.7433,1.102,0,0
2021-07-03 19:00,37.3649,960.0406,427,28.286,1.1648,0,0
2021-07-03 20:00,37.9586,824.2927,427,25.3617,1.2556,0,0
2021-07-03 21:00,37.7711,646.5601,427,25.4879,1.3764,0,0
2021-07-03 22:00,36.6717,438.9482,427,29.1819,1.5292,0,0
2021-07-03 23:00,34.53,215.5987,427,36.9612,1.716,0,0
2021-07-04 00:00,31.2156,NA,NA,49.3431,1.9388,NA,0
